-1,-1,WhWjA53ToPKa6k/CGBylQNAaj3c=,1E/0koZ3SH44/0Z4v1PtjRqOcUo=
-1,-2,WhWjA53ToPKa6k/CGBylQNAaj3c=,1E/0koZ3SH44/0Z4v1PtjRqOcUo=
-1,-3,WhWjA53ToPKa6k/CGBylQNAaj3c=,1E/0koZ3SH44/0Z4v1PtjRqOcUo=
-1,-4,WhWjA53ToPKa6k/CGBylQNAaj3c=,1E/0koZ3SH44/0Z4v1PtjRqOcUo=
-1,-5,WhWjA53ToPKa6k/CGBylQNAaj3c=,1E/0koZ3SH44/0Z4v1PtjRqOcUo=
-2,-2,WhWjA53ToPKa6k/CGBylQNAaj3c=,1E/0koZ3SH44/0Z4v1PtjRqOcUo=
-2,-1,WhWjA53ToPKa6k/CGBylQNAaj3c=,1E/0koZ3SH44/0Z4v1PtjRqOcUo=
-2,-4,WhWjA53ToPKa6k/CGBylQNAaj3c=,1E/0koZ3SH44/0Z4v1PtjRqOcUo=
-2,-3,WhWjA53ToPKa6k/CGBylQNAaj3c=,1E/0koZ3SH44/0Z4v1PtjRqOcUo=
-2,-5,WhWjA53ToPKa6k/CGBylQNAaj3c=,1E/0koZ3SH44/0Z4v1PtjRqOcUo=
-3,-1,WhWjA53ToPKa6k/CGBylQNAaj3c=,1E/0koZ3SH44/0Z4v1PtjRqOcUo=
-3,-2,WhWjA53ToPKa6k/CGBylQNAaj3c=,1E/0koZ3SH44/0Z4v1PtjRqOcUo=
